INSERT INTO especies (nombre) VALUES
('Perro'),
('Gato'),
('Ave'),
('Conejo'),
('Reptil'),
('Pez'),
('Hurón'),
('Caballo'),
('Tortuga'),
('Hamster');
-- ********************************************
INSERT INTO razas (especie_id, nombre) VALUES
(1,'Labrador Retriever'),
(1,'Golden Retriever'),
(1,'Bulldog'),
(1,'Beagle'),
(1,'Poodle'),
(1,'Chihuahua'),
(1,'Pastor Alemán'),
(1,'Boxer'),
(1,'Dálmata'),
(1,'Shih Tzu'),
(2,'Persa'),
(2,'Siames'),
(2,'Bengala'),
(2,'Angora'),
(2,'Siberiano'),
(2,'Maine Coon'),
(2,'Ragdoll'),
(2,'Abisinio'),
(2,'Azul Ruso'),
(2,'British Shorthair'),
(3,'Canario'),
(3,'Periquito'),
(3,'Cacatúa'),
(3,'Guacamayo'),
(3,'Agapornis'),
(3,'Loro Amazonas'),
(3,'Diamante Mandarín'),
(3,'Finch'),
(3,'Jilguero'),
(3,'Pionus'),
(4,'Mini Lop'),
(4,'Holland Lop'),
(4,'Rex'),
(4,'Cabeza de León'),
(4,'Angora Enano'),
(5,'Iguana Verde'),
(5,'Dragón Barbudo'),
(5,'Gecko Leopardo'),
(5,'Camaleón'),
(5,'Boa Constrictor'),
(6,'Goldfish'),
(6,'Betta'),
(6,'Guppy'),
(6,'Molly'),
(6,'Tetra Neón'),
(7,'Hurón Doméstico'),
(8,'Pura Sangre'),
(8,'Árabe'),
(9,'Tortuga de Orejas Rojas'),
(10,'Hamster Sirio');
-- ********************************************
INSERT INTO producto_tipos (nombre) VALUES
('Medicamento'),
('Vacuna'),
('Insumo Médico'),
('Alimento'),
('Accesorio'),
('Suplemento'),
('Juguete'),
('Higiene');
-- ********************************************
INSERT INTO evento_tipos (nombre) VALUES
('Consulta General'),
('Vacunación'),
('Cirugía'),
('Desparasitación'),
('Control de Peso'),
('Chequeo Dental'),
('Emergencia'),
('Radiografía'),
('Esterilización'),
('Ecografía');
-- ********************************************
INSERT INTO cita_estados (nombre) VALUES
('Programada'),
('En Proceso'),
('Finalizada'),
('Cancelada'),
('Reprogramada'),
('No Asistió');
-- ********************************************
INSERT INTO empleados (nombre_completo, documento_identidad, telefono, email, cargo, fecha_contratacion, salario) VALUES
('Andrés Castro', '123456789', '3119998877', 'andres.castro@vet.com', 'Veterinario Principal', '2018-01-15', 5000000.00),
('Laura Morales', '987654321', '3121112233', 'laura.morales@vet.com', 'Veterinaria', '2019-05-20', 3500000.00),
('Daniela Ramos', '112233445', '3134445566', 'daniela.ramos@vet.com', 'Asistente de Clínica', '2020-09-01', 1800000.00),
('Juan David Sierra', '556677889', '3147778899', 'juan.sierra@vet.com', 'Recepcionista', '2021-02-10', 1500000.00),
('Roberto Torres', '101010100', '3151234567', 'roberto.torres@vet.com', 'Veterinario', '2022-03-05', 3800000.00),
('Carolina Ríos', '202020200', '3169876543', 'carolina.rios@vet.com', 'Veterinaria', '2023-01-25', 3600000.00),
('Fabián Gómez', '303030300', '3171112233', 'fabian.gomez@vet.com', 'Técnico Veterinario', '2021-07-15', 2500000.00),
('Isabel Valencia', '404040400', '3184445566', 'isabel.valencia@vet.com', 'Recepcionista', '2022-11-20', 1600000.00),
('Felipe Ordóñez', '505050500', '3197778899', 'felipe.ordonez@vet.com', 'Veterinario', '2019-09-10', 4000000.00),
('Camilo Bernal', '606060600', '3202223344', 'camilo.bernal@vet.com', 'Veterinario', '2020-04-12', 3900000.00),
('Luisa Fernanda Díaz', '707070700', '3215556677', 'luisa.diaz@vet.com', 'Asistente de Clínica', '2022-06-01', 1900000.00),
('Santiago Ramírez', '808080800', '3228889900', 'santiago.ramirez@vet.com', 'Veterinario', '2021-08-30', 3700000.00),
('Luis Carlos Arias', '909090900', '3231112233', 'luis.arias@vet.com', 'Veterinario', '2020-10-15', 3950000.00),
('Javier Solano', '111111100', '3244445566', 'javier.solano@vet.com', 'Cirujano Veterinario', '2017-02-28', 6000000.00),
('Gabriel Ochoa', '222222200', '3257778899', 'gabriel.ochoa@vet.com', 'Cardiólogo Veterinario', '2019-07-05', 5500000.00),
('Ana Milena Giraldo', '333333300', '3261234567', 'ana.giraldo@vet.com', 'Dermatóloga Veterinaria', '2021-03-10', 5200000.00),
('Manuel Jaramillo', '444444400', '3279876543', 'manuel.jaramillo@vet.com', 'Veterinario', '2022-09-01', 3750000.00),
('Juan Pablo Vélez', '555555500', '3281112233', 'juan.velez@vet.com', 'Oftalmólogo Veterinario', '2020-11-15', 5100000.00),
('Sebastián Pérez', '666666600', '3294445566', 'sebastian.perez@vet.com', 'Veterinario', '2023-04-20', 3650000.00),
('Alejandro Marín', '777777700', '3307778899', 'alejandro.marin@vet.com', 'Veterinario', '2021-12-05', 3850000.00),
('Juan Sebastián Herrera', '888888800', '3312223344', 'juan.herrera@vet.com', 'Anestesiólogo Veterinario', '2019-06-18', 4800000.00),
('Juliana Ospina', '999999900', '3325556677', 'juliana.ospina@vet.com', 'Veterinaria', '2022-02-14', 3550000.00),
('Carlos Alberto Giraldo', '100010000', '3338889900', 'carlos.giraldo@vet.com', 'Veterinario', '2020-08-01', 3900000.00),
('Mónica López', '101010101', '3341112233', 'monica.lopez@vet.com', 'Veterinaria', '2023-09-01', 3500000.00),
('Juan Fernando Sánchez', '102020202', '3354445566', 'juan.sanchez@vet.com', 'Veterinario', '2021-05-20', 3700000.00),
('Esteban Restrepo', '103030303', '3367778899', 'esteban.restrepo@vet.com', 'Veterinario', '2020-03-25', 4100000.00),
('Ricardo Agudelo', '104040404', '3371234567', 'ricardo.agudelo@vet.com', 'Veterinario', '2022-07-10', 3800000.00),
('Valeria Gómez', '105050505', '3389876543', 'valeria.gomez@vet.com', 'Veterinaria', '2023-05-30', 3500000.00),
('Pedro Antonio Marín', '106060606', '3391112233', 'pedro.marin@vet.com', 'Veterinario', '2021-10-05', 3900000.00),
('Silvana Ríos', '107070707', '3404445566', 'silvana.rios@vet.com', 'Veterinaria', '2020-01-10', 4000000.00);
-- **********************************************************************************************************************************
INSERT INTO proveedores (nombre, contacto, telefono, email, direccion) VALUES
('DistriVet S.A.', 'Pedro Sánchez', '6015554433', 'contacto@distrivet.com', 'Calle 50 #10-15, Bogotá'),
('Pharma Animal', 'Laura Giraldo', '6048889900', 'ventas@pharmaanimal.com', 'Carrera 15 #20-25, Medellín'),
('GlobalPets', 'Andrés Ramírez', '6021112233', 'info@globalpets.com', 'Avenida 3 #4-5, Cali'),
('Insumos Veterinaria La Roca', 'Diana Parra', '6054445566', 'diana@insumoslaroca.com', 'Diagonal 8 #9-10, Bucaramanga'),
('Alimentos Max', 'Carlos Orozco', '6077778899', 'ventas@alimentosmax.com', 'Transversal 1 #2-3, Cartagena'),
('Medicamentos Vet. Seguros', 'Mónica Sierra', '6089990011', 'info@vetseguros.com', 'Calle 25 #30-35, Barranquilla'),
('Distribuciones Quirúrgicas', 'Ricardo Méndez', '6091234567', 'pedidos@quirurgicas.com', 'Carrera 10 #12-13, Pereira'),
('Vacunas y Más', 'Valentina Ruiz', '6013334455', 'contacto@vacunasyma.com', 'Calle 70 #75-80, Pasto'),
('Pet Accessories Store', 'Sofía Benavides', '6025556677', 'sofia@petaccessories.com', 'Avenida 5 #6-7, Manizales'),
('Equipamiento Clínico Vet', 'Javier López', '6038889900', 'javier@equipamientoclinico.com', 'Diagonal 3 #4-5, Neiva'),
('Bálsamos & Ungüentos Vet', 'Lorena Castillo', '6041239876', 'lorena@balsamosvet.com', 'Calle 60 #65-70, San Andrés'),
('Productos Veterinarios del Sur', 'Martín Giraldo', '6054567890', 'martin@provet.com', 'Transversal 10 #12-13, Villavicencio'),
('Medicorp Vet', 'Felipe Castro', '6067891234', 'felipe@medicorp.com', 'Carrera 22 #25-30, Ibagué'),
('Biomédica Colombia', 'Andrea López', '6079876543', 'andrea@biomedica.com.co', 'Calle 100 #101-102, Cúcuta'),
('FarmaVet', 'Diego Rojas', '6086543210', 'diego@farmavet.com', 'Avenida 15 #20-25, Tunja'),
('Compañía de Suministros Veterinaria', 'María Ospina', '6093219876', 'maria@suministrosvet.com', 'Diagonal 5 #6-7, Florencia'),
('VetSolution S.A.S.', 'Pablo Giraldo', '6019871234', 'pablo@vetsolution.com', 'Calle 33 #35-40, Armenia'),
('LabVet Diagnósticos', 'Camila Orozco', '6026547890', 'camila@labvet.com', 'Transversal 60 #65-70, Popayán'),
('Productos Higiene Animal', 'Oscar Vargas', '6039873210', 'oscar@higieneanimal.com', 'Calle 5 #6-7, Leticia'),
('Instrumental Quirúrgico Vet.', 'Adriana Rincón', '6041234567', 'adriana@instrumentalvet.com', 'Carrera 8 #9-10, Yopal'),
('Droguería Veterinaria Central', 'Sebastián Pérez', '6059876543', 'sebastian@drogueriavet.com', 'Avenida 20 #25-30, Manizales'),
('Distri-Mascotas', 'Juan Felipe Gómez', '6061112233', 'juan.gomez@distrimascotas.com', 'Calle 90 #95-100, Pereira'),
('Alimentos para Aves del Caribe', 'Gabriel Marín', '6074445566', 'gabriel@avescaribe.com', 'Diagonal 50 #60-70, Barranquilla'),
('Línea Veterinaria del Eje', 'Ricardo Agudelo', '6087778899', 'ricardo@lineavetereje.com', 'Transversal 3 #4-5, Armenia'),
('Suministros para Clínicas', 'Estefanía Orozco', '6092223344', 'estefania@suministrosclinicas.com', 'Calle 10 #20-30, Cali'),
('Farmacéuticos Veterinarios Ltda.', 'Mauricio Arango', '6015556677', 'mauricio@farmavetltda.com', 'Avenida 40 #50-60, Bogotá'),
('Vet Pro Colombia', 'Carolina Rojas', '6028889900', 'carolina@vetpro.com', 'Carrera 7 #8-9, Medellín'),
('Pet Health Solutions', 'Alejandro Vargas', '6031234567', 'alejandro@pethealth.com', 'Calle 1 #2-3, Bucaramanga'),
('Insumos Médicos Veterinarios', 'Paola Herrera', '6049876543', 'paola@insumosmedicosvet.com', 'Diagonal 5 #6-7, Pasto'),
('Productos Veterinarios Del Sol', 'Andrés Felipe Restrepo', '6056543210', 'andres@prodvetdelsol.com', 'Transversal 8 #9-10, Cartagena');
-- **********************************************************************************************************************************

INSERT INTO servicios (nombre, descripcion, precio_base) VALUES
('Consulta Veterinaria General', 'Examen físico completo y diagnóstico de rutina.', 60000.00),
('Vacunación', 'Administración de vacunas preventivas según calendario.', 45000.00),
('Esterilización Canina', 'Procedimiento quirúrgico de esterilización para perros.', 250000.00),
('Corte de Uñas', 'Servicio de recorte de uñas para mascotas.', 15000.00),
('Limpieza Dental', 'Procedimiento de limpieza y control de sarro dental.', 120000.00),
('Baño y Peluquería', 'Baño, secado, cepillado y corte de pelo.', 80000.00),
('Microchip', 'Implantación de microchip de identificación.', 70000.00),
('Análisis de Sangre Completo', 'Extracción y análisis de sangre para un perfil completo.', 95000.00),
('Ecografía Abdominal', 'Examen de ultrasonido para órganos abdominales.', 150000.00),
('Radiografía', 'Toma de radiografías para diagnóstico de fracturas o enfermedades.', 85000.00),
('Cirugía Menor', 'Procedimientos quirúrgicos menores, como suturas o extirpación de quistes.', 180000.00),
('Consulta de Especialista', 'Consulta con un especialista (cardiólogo, dermatólogo, etc.).', 100000.00),
('Consulta de Emergencia', 'Atención fuera del horario de oficina o en casos críticos.', 150000.00),
('Eutanasia', 'Procedimiento humanitario de eutanasia.', 200000.00),
('Medicación Inyectable', 'Administración de medicamentos vía inyección.', 25000.00),
('Limpieza de Oídos', 'Limpieza profunda de los canales auditivos.', 20000.00),
('Control de Peso', 'Seguimiento y plan de dieta para mascotas con sobrepeso.', 30000.00),
('Desparasitación', 'Administración de tratamiento antiparasitario.', 35000.00),
('Fisioterapia', 'Sesiones de rehabilitación física.', 75000.00),
('Revisión Post-Quirúrgica', 'Cita de seguimiento después de una cirugía.', 40000.00),
('Vacunación de Rabia', 'Vacuna obligatoria contra la rabia.', 30000.00),
('Baño Medicado', 'Baño con shampoo especial para problemas de piel.', 90000.00),
('Consulta Nutricional', 'Asesoramiento y plan de dieta personalizado.', 50000.00),
('Terapia con Láser', 'Tratamiento para dolor, inflamación y curación de heridas.', 110000.00),
('Grooming para Gatos', 'Servicio de peluquería especializado para gatos.', 100000.00),
('Análisis de Orina', 'Examen de laboratorio de una muestra de orina.', 45000.00),
('Atención de Parto', 'Asistencia durante el parto de una mascota.', 250000.00),
('Fluidoterapia Intravenosa', 'Administración de fluidos vía intravenosa.', 65000.00),
('Corte de Pelo', 'Corte de pelo simple, sin baño.', 50000.00),
('Control de Pulgas y Garrapatas', 'Tratamiento preventivo y de eliminación de parásitos externos.', 40000.00);
-- **********************************************************************************************************************************

INSERT INTO duenos (nombre_completo, documento_identidad, direccion, telefono, email) VALUES
('Juan Pérez Gómez', '101010101', 'Calle 10 #20-30, Bogotá', '3101234567', 'juan.perez@email.com'),
('María López Vargas', '202020202', 'Avenida 40 #50-60, Cali', '3209876543', 'maria.lopez@email.com'),
('Carlos Rodríguez Daza', '303030303', 'Carrera 7 #8-9, Medellín', '3001112233', 'carlos.rodriguez@email.com'),
('Ana Torres Castro', '404040404', 'Calle 1 #2-3, Barranquilla', '3154445566', 'ana.torres@email.com'),
('Luis Giraldo Arias', '505050505', 'Diagonal 5 #6-7, Bucaramanga', '3187778899', 'luis.giraldo@email.com'),
('Sofía Valencia Ruiz', '606060606', 'Transversal 8 #9-10, Cartagena', '3012345678', 'sofia.valencia@email.com'),
('Ricardo Medina', '707070707', 'Carrera 20 #25-30, Pasto', '3058889900', 'ricardo.medina@email.com'),
('Elena Herrera', '808080808', 'Calle 50 #55-60, Pereira', '3123334455', 'elena.herrera@email.com'),
('Javier Restrepo', '909090909', 'Avenida 30 #40-50, Manizales', '3176665544', 'javier.restrepo@email.com'),
('Valeria Montoya', '111111111', 'Calle 80 #90-100, Cúcuta', '3195554433', 'valeria.montoya@email.com'),
('Andrea Fonseca', '222222222', 'Carrera 12 #13-14, Neiva', '3218889900', 'andrea.fonseca@email.com'),
('Felipe Daza', '333333333', 'Calle 70 #75-80, Tunja', '3024445566', 'felipe.daza@email.com'),
('Natalia Benavides', '444444444', 'Avenida 5 #6-7, Villavicencio', '3161112233', 'natalia.benavides@email.com'),
('Santiago Ordoñez', '555555555', 'Transversal 1 #2-3, Popayán', '3147778899', 'santiago.ordonez@email.com'),
('Isabella Castro', '666666666', 'Calle 25 #30-35, Armenia', '3049990011', 'isabella.castro@email.com'),
('Mateo Escobar', '777777777', 'Carrera 10 #12-13, Ibagué', '3031112233', 'mateo.escobar@email.com'),
('Paula Beltrán', '888888888', 'Diagonal 3 #4-5, Florencia', '3225556677', 'paula.beltran@email.com'),
('Jorge Vargas', '999999999', 'Calle 60 #65-70, San Andrés', '3118889900', 'jorge.vargas@email.com'),
('Camila Rincón', '100100100', 'Avenida 8 #9-10, Leticia', '3157778899', 'camila.rincon@email.com'),
('Pedro Ruiz', '110110110', 'Calle 100 #101-102, Cartagena', '3001239876', 'pedro.ruiz@email.com'),
('Daniela Morales', '120120120', 'Carrera 5 #6-7, Cali', '3014567890', 'daniela.morales@email.com'),
('Andrés Castro', '130130130', 'Diagonal 20 #30-40, Bogotá', '3027891234', 'andres.castro@email.com'),
('Laura Gómez', '140140140', 'Transversal 50 #60-70, Medellín', '3039876543', 'laura.gomez@email.com'),
('Diego Fernández', '150150150', 'Calle 75 #80-85, Barranquilla', '3046543210', 'diego.fernandez@email.com'),
('Sara López', '160160160', 'Avenida 15 #20-25, Bucaramanga', '3053219876', 'sara.lopez@email.com'),
('Gabriela Orozco', '170170170', 'Carrera 9 #10-11, Pasto', '3069871234', 'gabriela.orozco@email.com'),
('David Ospina', '180180180', 'Calle 33 #35-40, Pereira', '3076547890', 'david.ospina@email.com'),
('Carolina Vargas', '190190190', 'Diagonal 60 #65-70, Manizales', '3089873210', 'carolina.vargas@email.com'),
('Alejandro Restrepo', '200200200', 'Transversal 2 #3-4, Cúcuta', '3091234567', 'alejandro.restrepo@email.com'),
('Mónica Pérez', '210210210', 'Calle 5 #6-7, Neiva', '3109876543', 'monica.perez@email.com');
-- ************************************************************************************************
INSERT INTO mascotas (nombre, raza_id, fecha_nacimiento, sexo, url_foto) VALUES
('Max', 1, '2020-05-15', 'Macho', 'http://foto.com/max.jpg'),
('Luna', 11, '2021-02-20', 'Hembra', 'http://foto.com/luna.jpg'),
('Rocky', 7, '2019-11-10', 'Macho', 'http://foto.com/rocky.jpg'),
('Milo', 16, '2022-07-01', 'Macho', 'http://foto.com/milo.jpg'),
('Daisy', 3, '2018-03-25', 'Hembra', 'http://foto.com/daisy.jpg'),
('Kiwi', 23, '2023-01-10', 'Macho', 'http://foto.com/kiwi.jpg'),
('Thor', 2, '2020-09-05', 'Macho', 'http://foto.com/thor.jpg'),
('Bella', 14, '2022-04-12', 'Hembra', 'http://foto.com/bella.jpg'),
('Toby', 5, '2021-08-18', 'Macho', 'http://foto.com/toby.jpg'),
('Molly', 20, '2019-12-01', 'Hembra', 'http://foto.com/molly.jpg'),
('Coco', 4, '2022-03-03', 'Macho', 'http://foto.com/coco.jpg'),
('Nala', 12, '2020-06-25', 'Hembra', 'http://foto.com/nala.jpg'),
('Simba', 8, '2018-10-10', 'Macho', 'http://foto.com/simba.jpg'),
('Lucky', 17, '2021-05-05', 'Macho', 'http://foto.com/lucky.jpg'),
('Mia', 18, '2022-09-09', 'Hembra', 'http://foto.com/mia.jpg'),
('Chico', 24, '2023-02-14', 'Macho', 'http://foto.com/chico.jpg'),
('Rex', 6, '2017-07-07', 'Macho', 'http://foto.com/rex.jpg'),
('Princesa', 10, '2019-04-04', 'Hembra', 'http://foto.com/princesa.jpg'),
('Bruno', 9, '2020-01-20', 'Macho', 'http://foto.com/bruno.jpg'),
('Kira', 13, '2021-11-11', 'Hembra', 'http://foto.com/kira.jpg'),
('Zeus', 15, '2022-08-08', 'Macho', 'http://foto.com/zeus.jpg'),
('Lilo', 19, '2023-03-30', 'Hembra', 'http://foto.com/lilo.jpg'),
('Oreo', 2, '2021-01-01', 'Macho', 'http://foto.com/oreo.jpg'),
('Chloe', 21, '2019-06-19', 'Hembra', 'http://foto.com/chloe.jpg'),
('Duke', 25, '2020-02-22', 'Macho', 'http://foto.com/duke.jpg'),
('Lola', 22, '2021-07-27', 'Hembra', 'http://foto.com/lola.jpg'),
('Golfo', 26, '2018-09-09', 'Macho', 'http://foto.com/golfo.jpg'),
('Pancha', 27, '2019-10-10', 'Hembra', 'http://foto.com/pancha.jpg'),
('Pelusa', 28, '2020-04-04', 'Hembra', 'http://foto.com/pelusa.jpg'),
('Hachi', 29, '2021-03-03', 'Macho', 'http://foto.com/hachi.jpg');
-- *****************************************************************************
INSERT INTO duenos_mascotas (dueno_id, mascota_id) VALUES
(1, 1), (1, 2), (2, 3), (3, 4), (4, 5), (5, 6), (6, 7), (7, 8), (8, 9), (9, 10),
(10, 11), (11, 12), (12, 13), (13, 14), (14, 15), (15, 16), (16, 17), (17, 18), (18, 19), (19, 20),
(20, 21), (21, 22), (22, 23), (23, 24), (24, 25), (25, 26), (26, 27), (27, 28), (28, 29), (29, 30),
(1, 10), (2, 12), (3, 14), (4, 16), (5, 18), (6, 20), (7, 22), (8, 24), (9, 26), (10, 28);

-- ***********************************************************************************************
INSERT INTO historial_medico (mascota_id, fecha_evento, evento_tipo_id, descripcion, diagnostico) VALUES
(1, '2025-09-25', 1, 'El perro presenta buen estado de salud general.', 'Saludable'),
(2, '2025-09-25', 1, 'La gata presenta síntomas de infección respiratoria.', 'Sospecha de Rinotraqueítis'),
(3, '2025-09-25', 5, 'Chequeo de peso y recomendaciones de dieta.', 'Sobrepeso leve'),
(4, '2025-09-28', 2, 'Vacunación anual contra la rabia y el moquillo.', 'Vacunado'),
(5, '2025-09-30', 9, 'Cirugía de esterilización programada. Anestesia general.', 'Procedimiento exitoso'),
(6, '2025-10-02', 1, 'Control post-cirugía.', 'Recuperación favorable'),
(7, '2025-10-02', 7, 'El perro fue traído por una cojera. Se realizó radiografía.', 'Posible esguince'),
(8, '2025-10-03', 1, 'Chequeo de rutina, se encuentra en excelente estado.', 'Saludable'),
(9, '2025-10-03', 6, 'Examen dental, se recomienda limpieza profunda.', 'Acumulación de sarro'),
(10, '2025-10-04', 1, 'Control de peso, se recomienda ajuste de dieta.', 'Necesita perder 1kg'),
(11, '2025-10-04', 1, 'Chequeo general, se encuentra en óptimas condiciones.', 'Saludable'),
(12, '2025-10-05', 4, 'Desparasitación interna y externa.', 'Parásitos eliminados'),
(13, '2025-10-05', 2, 'Vacunación anual de la mascota.', 'Vacunado'),
(14, '2025-10-06', 1, 'Revisión de oídos. Infección leve en oído izquierdo.', 'Otitis leve'),
(15, '2025-10-06', 1, 'Control post-tratamiento.', 'Recuperación favorable'),
(16, '2025-10-07', 7, 'Se presenta por vómitos. Examen de heces y sangre.', 'Gastroenteritis'),
(17, '2025-10-07', 1, 'Chequeo de rutina.', 'Saludable'),
(18, '2025-10-08', 2, 'Vacunación de cachorro.', 'Vacunado'),
(19, '2025-10-08', 1, 'Chequeo general, se recomienda revisión de piel.', 'Dermatitis leve'),
(20, '2025-10-09', 6, 'Se realizó limpieza de sarro y pulido dental.', 'Salud oral mejorada'),
(21, '2025-10-09', 1, 'Examen oftalmológico completo.', 'Salud ocular estable'),
(22, '2025-10-10', 1, 'Chequeo de rutina de mascota senior.', 'Artritis leve'),
(23, '2025-10-10', 5, 'Plan de dieta para pérdida de peso.', 'Plan de nutrición'),
(24, '2025-10-11', 1, 'Revisión de alergias. Se recomienda cambio de dieta.', 'Alergia alimentaria'),
(25, '2025-10-11', 1, 'Chequeo general.', 'Saludable'),
(26, '2025-10-12', 2, 'Vacunación antirrábica.', 'Vacunado'),
(27, '2025-10-12', 4, 'Desparasitación.', 'Parásitos eliminados'),
(28, '2025-10-13', 7, 'Emergencia por ingestión de objeto extraño. Se realiza radiografía.', 'Cuerpo extraño en estómago'),
(29, '2025-10-13', 1, 'Chequeo de rutina.', 'Saludable'),
(30, '2025-10-14', 4, 'Desparasitación de rutina.', 'Parásitos eliminados');

-- **************************************************************************************************
INSERT INTO historial_medico_detalle (historial_medico_id, producto_id, servicio_id, cantidad) VALUES
(1, NULL, 1, 1),
(2, 2, 1, 1),
(3, NULL, 5, 1),
(4, 6, 2, 1),
(5, 19, 3, 1),
(6, NULL, 1, 1),
(7, NULL, 10, 1),
(8, NULL, 1, 1),
(9, NULL, 5, 1),
(10, 4, 1, 1),
(11, NULL, 1, 1),
(12, 16, 18, 1),
(13, 11, 21, 1),
(14, 15, 16, 1),
(15, NULL, 1, 1),
(16, 2, 1, 1),
(17, NULL, 1, 1),
(18, 11, 2, 1),
(19, 27, 1, 1),
(20, NULL, 5, 1),
(21, NULL, 1, 1),
(22, NULL, 1, 1),
(23, NULL, 23, 1),
(24, NULL, 1, 1),
(25, NULL, 1, 1),
(26, 11, 2, 1),
(27, 16, 18, 1),
(28, NULL, 10, 1),
(29, NULL, 1, 1),
(30, 16, 18, 1);
--  ************************************************************************************************************
INSERT INTO inventario (nombre_producto, producto_tipo_id, descripcion, fabricante, lote, cantidad_stock, stock_minimo, fecha_vencimiento, precio_venta) VALUES
('Vacuna Triple Felina', 2, 'Vacuna para gatos contra rinotraqueítis, calicivirus y panleucopenia.', 'Pfizer Animal Health', 'A1B2C3D4', 50, 10, '2026-12-31', 45000.00),
('Antibiótico Amoxicilina', 1, 'Antibiótico de amplio espectro para infecciones bacterianas.', 'Bayer', 'X5Y6Z7W8', 100, 20, '2025-06-30', 25000.00),
('Shampoo Antipulgas', 8, 'Shampoo medicado para el control de pulgas y garrapatas.', 'Zoetis', 'E9F1G2H3', 75, 15, '2027-01-20', 30000.00),
('Croquetas para Cachorro', 4, 'Alimento premium para cachorros, sabor pollo.', 'Royal Canin', 'J1K2L3M4', 20, 5, '2025-08-15', 85000.00),
('Jeringa 5ml', 3, 'Jeringa desechable de 5ml, estéril.', 'BD', 'N5O6P7Q8', 500, 100, '2028-05-10', 1500.00),
('Vacuna Séxtuple Canina', 2, 'Vacuna contra moquillo, parvovirus, hepatitis, etc.', 'MSD Animal Health', 'V9W0X1Y2', 40, 8, '2026-11-20', 50000.00),
('Collar Antipulgas', 5, 'Collar que protege hasta por 8 meses contra pulgas y garrapatas.', 'Seresto', 'Z3A4B5C6', 60, 12, '2029-01-01', 95000.00),
('Alimento para Gato Adulto', 4, 'Alimento seco para gatos adultos, sabor salmón.', 'Purina Pro Plan', 'D7E8F9G0', 30, 6, '2025-10-01', 78000.00),
('Bozal Ajustable', 5, 'Bozal de nylon para perros de tamaño mediano.', 'Petmate', 'H1I2J3K4', 25, 5, NULL, 20000.00),
('Vendas Adhesivas', 3, 'Vendas elásticas para curaciones.', '3M Vetrap', 'L5M6N7O8', 200, 40, '2027-09-01', 5000.00),
('Vacuna Antirrábica', 2, 'Vacuna para la prevención de la rabia en perros y gatos.', 'Virbac', 'P9Q0R1S2', 80, 15, '2026-10-10', 35000.00),
('Hueso de Juguete', 7, 'Juguete de caucho resistente para perros.', 'Kong', 'T3U4V5W6', 55, 10, NULL, 18000.00),
('Cepillo de Dientes para Perro', 8, 'Cepillo de dientes de cerdas suaves.', 'Arm & Hammer', 'X7Y8Z9A0', 90, 18, NULL, 12000.00),
('Suplemento Vitamínico', 6, 'Suplemento con vitaminas y minerales para mascotas.', 'Nutri-Vet', 'B1C2D3E4', 45, 9, '2027-04-15', 40000.00),
('Gotas para Oídos', 1, 'Tratamiento para otitis externas.', 'Oto-Vet', 'F5G6H7I8', 65, 13, '2025-11-30', 28000.00),
('Antiparasitario Interno', 1, 'Tabletas para desparasitación intestinal.', 'Drontal', 'J9K0L1M2', 70, 14, '2026-08-25', 22000.00),
('Cama para Perro Grande', 5, 'Cama acolchada para perros grandes.', 'Orthopedic Pet', 'N3O4P5Q6', 15, 3, NULL, 150000.00),
('Pelota de Tenis para Perro', 7, 'Pelota de tenis resistente para juegos.', 'Chuckit!', 'R7S8T9U0', 120, 24, NULL, 8000.00),
('Anestesia Isoflurano', 1, 'Anestésico inhalado para procedimientos quirúrgicos.', 'Baxter', 'V1W2X3Y4', 5, 1, '2025-12-31', 350000.00),
('Sutura Quirúrgica', 3, 'Hilo de sutura estéril absorbible.', 'Ethicon', 'Z5A6B7C8', 80, 16, '2027-03-10', 10000.00),
('Jaula Transportadora', 5, 'Jaula transportadora para gatos y perros pequeños.', 'Pet Carrier', 'D9E0F1G2', 20, 4, NULL, 75000.00),
('Soporte de Suero', 3, 'Soporte metálico para bolsas de suero.', 'Equipmed', 'H3I4J5K6', 10, 2, NULL, 50000.00),
('Antibiótico Doxiciclina', 1, 'Antibiótico de uso veterinario.', 'VetMeds', 'L7M8N9O0', 50, 10, '2026-09-01', 27000.00),
('Juguete de Cuerda', 7, 'Juguete para morder y tirar para perros.', 'Pawz', 'P1Q2R3S4', 100, 20, NULL, 9000.00),
('Alimento Húmedo para Gato', 4, 'Paté de pollo y atún para gatos.', 'Fancy Feast', 'T5U6V7W8', 150, 30, '2025-07-20', 6000.00),
('Otoscopio', 3, 'Instrumento para examinar el oído.', 'Heine', 'X9Y0Z1A2', 3, 1, NULL, 450000.00),
('Crema Dermatológica', 1, 'Crema para tratar infecciones de la piel.', 'Topiderm', 'B3C4D5E6', 35, 7, '2026-04-05', 18000.00),
('Kit de Primeros Auxilios', 3, 'Kit básico para emergencias con mascotas.', 'PetAid', 'F7G8H9I0', 25, 5, '2027-08-30', 55000.00),
('Comida para Aves', 4, 'Mezcla de semillas y granos para aves.', 'Kaytee', 'J1K2L3M4', 40, 8, '2025-11-15', 22000.00),
('Pezón de Silicona para Biberón', 5, 'Repuesto de pezón para biberones de cachorros.', 'PetAg', 'N5O6P7Q8', 60, 12, NULL, 7000.00);

-- ******************************************************************************************************
INSERT INTO citas (mascota_id, empleado_id, fecha_hora, motivo, estado_id) VALUES
(1, 1, '2025-10-01 10:00:00', 'Chequeo anual y vacunación', 1),
(2, 2, '2025-10-01 11:30:00', 'Consulta por tos', 1),
(3, 1, '2025-09-25 15:00:00', 'Control de peso', 3),
(4, 2, '2025-09-28 09:00:00', 'Vacunación', 3),
(5, 1, '2025-09-30 14:00:00', 'Esterilización', 2),
(6, 3, '2025-10-02 16:00:00', 'Baño y peluquería', 1),
(7, 4, '2025-10-02 10:30:00', 'Consulta por cojera', 1),
(8, 1, '2025-10-03 12:00:00', 'Revisión general', 1),
(9, 2, '2025-10-03 16:30:00', 'Consulta por dolor dental', 1),
(10, 3, '2025-10-04 09:00:00', 'Corte de uñas', 1),
(11, 4, '2025-10-04 11:00:00', 'Chequeo post-operatorio', 1),
(12, 1, '2025-10-05 13:00:00', 'Examen de rutina', 1),
(13, 2, '2025-10-05 15:30:00', 'Control de parásitos', 1),
(14, 3, '2025-10-06 10:00:00', 'Vacunación anual', 1),
(15, 4, '2025-10-06 14:30:00', 'Revisión de heridas', 1),
(16, 1, '2025-10-07 11:00:00', 'Desparasitación', 1),
(17, 2, '2025-10-07 16:00:00', 'Consulta por vómitos', 1),
(18, 3, '2025-10-08 09:30:00', 'Baño medicado', 1),
(19, 4, '2025-10-08 12:30:00', 'Microchip', 1),
(20, 1, '2025-10-09 10:00:00', 'Limpieza dental', 1),
(21, 2, '2025-10-09 14:00:00', 'Revisión oftalmológica', 1),
(22, 3, '2025-10-10 11:00:00', 'Chequeo de oídos', 1),
(23, 4, '2025-10-10 15:00:00', 'Consulta de nutrición', 1),
(24, 1, '2025-10-11 10:30:00', 'Revisión de piel', 1),
(25, 2, '2025-10-11 13:30:00', 'Consulta por alergias', 1),
(26, 3, '2025-10-12 11:00:00', 'Vacunación', 1),
(27, 4, '2025-10-12 16:00:00', 'Control de parásitos', 1),
(28, 1, '2025-10-13 10:00:00', 'Consulta de emergencia', 1),
(29, 2, '2025-10-13 14:00:00', 'Chequeo de rutina', 1),
(30, 3, '2025-10-14 10:00:00', 'Desparasitación', 1);
-- ******************************************************************************************
INSERT INTO facturas (dueno_id, fecha_emision, total) VALUES
(1, '2025-09-25 11:00:00', 105000.00),
(2, '2025-09-25 12:00:00', 60000.00),
(3, '2025-09-25 15:30:00', 30000.00),
(4, '2025-09-28 09:30:00', 85000.00),
(5, '2025-09-30 14:45:00', 250000.00),
(6, '2025-10-02 16:30:00', 80000.00),
(7, '2025-10-02 11:00:00', 145000.00),
(8, '2025-10-03 12:30:00', 60000.00),
(9, '2025-10-03 17:00:00', 120000.00),
(10, '2025-10-04 09:30:00', 15000.00),
(11, '2025-10-04 11:30:00', 60000.00),
(12, '2025-10-05 13:30:00', 57000.00),
(13, '2025-10-05 16:00:00', 80000.00),
(14, '2025-10-06 10:30:00', 85000.00),
(15, '2025-10-06 15:00:00', 60000.00),
(16, '2025-10-07 11:30:00', 95000.00),
(17, '2025-10-07 16:30:00', 60000.00),
(18, '2025-10-08 10:00:00', 90000.00),
(19, '2025-10-08 13:00:00', 70000.00),
(20, '2025-10-09 10:30:00', 120000.00),
(21, '2025-10-09 14:30:00', 60000.00),
(22, '2025-10-10 11:30:00', 60000.00),
(23, '2025-10-10 15:30:00', 50000.00),
(24, '2025-10-11 11:00:00', 60000.00),
(25, '2025-10-11 14:00:00', 60000.00),
(26, '2025-10-12 11:30:00', 75000.00),
(27, '2025-10-12 16:30:00', 70000.00),
(28, '2025-10-13 10:30:00', 235000.00),
(29, '2025-10-13 14:30:00', 60000.00),
(30, '2025-10-14 10:30:00', 57000.00);
-- *************************************************************************************
INSERT INTO items_factura (factura_id, producto_id, servicio_id, cantidad, precio_unitario, subtotal) VALUES
(1, 1, 2, 1, 45000.00, 45000.00), (1, NULL, 1, 1, 60000.00, 60000.00),
(2, NULL, 1, 1, 60000.00, 60000.00),
(3, 4, NULL, 1, 85000.00, 85000.00),
(4, 6, 2, 1, 50000.00, 50000.00),
(5, NULL, 3, 1, 250000.00, 250000.00),
(6, NULL, 6, 1, 80000.00, 80000.00),
(7, NULL, 1, 1, 60000.00, 60000.00), (7, NULL, 10, 1, 85000.00, 85000.00),
(8, NULL, 1, 1, 60000.00, 60000.00),
(9, NULL, 5, 1, 120000.00, 120000.00),
(10, NULL, 4, 1, 15000.00, 15000.00),
(11, NULL, 1, 1, 60000.00, 60000.00),
(12, 16, 18, 1, 22000.00, 22000.00), (12, NULL, 1, 1, 35000.00, 35000.00),
(13, 11, 2, 1, 35000.00, 35000.00), (13, NULL, 1, 1, 45000.00, 45000.00),
(14, 15, NULL, 1, 28000.00, 28000.00), (14, NULL, 16, 1, 20000.00, 20000.00),
(15, NULL, 1, 1, 60000.00, 60000.00),
(16, 2, NULL, 1, 25000.00, 25000.00), (16, NULL, 1, 1, 60000.00, 60000.00),
(17, NULL, 1, 1, 60000.00, 60000.00),
(18, NULL, 22, 1, 90000.00, 90000.00),
(19, NULL, 7, 1, 70000.00, 70000.00),
(20, NULL, 5, 1, 120000.00, 120000.00),
(21, NULL, 1, 1, 60000.00, 60000.00),
(22, NULL, 1, 1, 60000.00, 60000.00),
(23, NULL, 23, 1, 50000.00, 50000.00),
(24, NULL, 1, 1, 60000.00, 60000.00),
(25, NULL, 1, 1, 60000.00, 60000.00),
(26, 11, 2, 1, 35000.00, 35000.00), (26, NULL, 2, 1, 40000.00, 40000.00),
(27, 16, 18, 1, 22000.00, 22000.00), (27, NULL, 18, 1, 48000.00, 48000.00),
(28, NULL, 1, 1, 150000.00, 150000.00), (28, NULL, 10, 1, 85000.00, 85000.00),
(29, NULL, 1, 1, 60000.00, 60000.00),
(30, 16, 18, 1, 22000.00, 22000.00), (30, NULL, 18, 1, 35000.00, 35000.00);
-- ****************************************************************************
INSERT INTO compras (proveedor_id, fecha_compra, total) VALUES
(1, '2025-09-20 09:30:00', 200000.00), (2, '2025-09-21 14:00:00', 150000.00),
(3, '2025-09-22 10:00:00', 450000.00), (4, '2025-09-23 11:30:00', 300000.00),
(5, '2025-09-24 15:00:00', 600000.00), (6, '2025-09-25 09:00:00', 250000.00),
(7, '2025-09-26 13:00:00', 750000.00), (8, '2025-09-27 10:30:00', 100000.00),
(9, '2025-09-28 14:00:00', 500000.00), (10, '2025-09-29 11:00:00', 900000.00),
(11, '2025-09-30 16:00:00', 350000.00), (12, '2025-10-01 09:30:00', 280000.00),
(13, '2025-10-02 12:00:00', 420000.00), (14, '2025-10-03 15:00:00', 550000.00),
(15, '2025-10-04 10:00:00', 680000.00), (16, '2025-10-05 13:30:00', 220000.00),
(17, '2025-10-06 11:00:00', 330000.00), (18, '2025-10-07 14:00:00', 480000.00),
(19, '2025-10-08 09:00:00', 700000.00), (20, '2025-10-09 11:30:00', 820000.00),
(21, '2025-10-10 15:00:00', 290000.00), (22, '2025-10-11 10:00:00', 410000.00),
(23, '2025-10-12 13:00:00', 590000.00), (24, '2025-10-13 16:00:00', 730000.00),
(25, '2025-10-14 09:30:00', 880000.00), (26, '2025-10-15 12:00:00', 190000.00),
(27, '2025-10-16 15:00:00', 360000.00), (28, '2025-10-17 10:00:00', 490000.00),
(29, '2025-10-18 13:30:00', 650000.00), (30, '2025-10-19 11:00:00', 810000.00);
-- ***********************************************************************************************************
INSERT INTO compras_detalle (compra_id, inventario_id, cantidad, precio_unitario, subtotal) VALUES
(1, 1, 10, 20000.00, 200000.00), (2, 2, 5, 30000.00, 150000.00),
(3, 4, 10, 45000.00, 450000.00), (4, 11, 20, 15000.00, 300000.00),
(5, 7, 30, 20000.00, 600000.00), (6, 23, 10, 25000.00, 250000.00),
(7, 19, 2, 350000.00, 700000.00), (7, 20, 5, 10000.00, 50000.00),
(8, 11, 2, 35000.00, 70000.00), (8, 2, 1, 30000.00, 30000.00),
(9, 3, 20, 25000.00, 500000.00), (10, 26, 2, 450000.00, 900000.00),
(11, 27, 20, 17500.00, 350000.00), (12, 1, 5, 20000.00, 100000.00), (12, 6, 4, 45000.00, 180000.00),
(13, 2, 10, 25000.00, 250000.00), (13, 15, 6, 28000.00, 168000.00),
(14, 4, 5, 85000.00, 425000.00), (14, 8, 2, 62500.00, 125000.00),
(15, 7, 10, 95000.00, 950000.00), (16, 12, 10, 18000.00, 180000.00), (16, 24, 4, 9000.00, 36000.00),
(17, 13, 10, 12000.00, 120000.00), (17, 14, 5, 40000.00, 200000.00), (17, 28, 2, 55000.00, 110000.00),
(18, 1, 8, 45000.00, 360000.00), (18, 6, 2, 50000.00, 100000.00), (18, 11, 3, 35000.00, 105000.00),
(19, 29, 20, 22000.00, 440000.00), (19, 8, 4, 78000.00, 312000.00);
-- *****************************************************************************************
INSERT INTO citas_servicios (cita_id, servicio_id, cantidad, precio) VALUES
(1, 1, 1, 60000.00), (1, 2, 1, 45000.00),
(2, 1, 1, 60000.00),
(3, 29, 1, 50000.00),
(4, 2, 1, 45000.00),
(5, 3, 1, 250000.00),
(6, 6, 1, 80000.00),
(7, 1, 1, 60000.00), (7, 10, 1, 85000.00),
(8, 1, 1, 60000.00),
(9, 5, 1, 120000.00),
(10, 4, 1, 15000.00),
(11, 1, 1, 60000.00),
(12, 18, 1, 35000.00),
(13, 2, 1, 45000.00), (13, 1, 1, 60000.00),
(14, 1, 1, 60000.00), (14, 2, 1, 45000.00),
(15, 1, 1, 60000.00),
(16, 1, 1, 60000.00), (16, 13, 1, 150000.00),
(17, 1, 1, 60000.00),
(18, 22, 1, 90000.00),
(19, 7, 1, 70000.00),
(20, 5, 1, 120000.00),
(21, 1, 1, 60000.00),
(22, 1, 1, 60000.00),
(23, 23, 1, 50000.00),
(24, 1, 1, 60000.00),
(25, 1, 1, 60000.00),
(26, 2, 1, 45000.00),
(27, 18, 1, 35000.00),
(28, 13, 1, 150000.00),
(29, 1, 1, 60000.00),
(30, 18, 1, 35000.00);
